{
    "train_loss": [
        1.1048543442490781,
        0.7523264138613793,
        0.5128188339200097,
        0.3562931682987916,
        0.2640364596687238,
        0.20823636786068925,
        0.17281326486536755,
        0.14892757917825578,
        0.1328835847039189,
        0.12127218903815984,
        0.11014855243379351,
        0.10341475949856968
    ],
    "val_loss": [
        0.7475830251350999,
        0.45433123176917434,
        0.25070007785689086,
        0.17703909025294706,
        0.1665895477781305,
        0.18367172052967362,
        0.18774786616995698,
        0.1785740464074479,
        0.19179117438216053,
        0.20020476457648329,
        0.18972172763733397,
        0.1952791608928237
    ],
    "val_accuracy": [
        0.715,
        0.845,
        0.915,
        0.945,
        0.956,
        0.953,
        0.959,
        0.963,
        0.959,
        0.96,
        0.968,
        0.963
    ],
    "val_f1": [
        0.7080495546630504,
        0.8431644489351496,
        0.915140872617882,
        0.9449939097204652,
        0.9560231537497068,
        0.9531012275770652,
        0.9589666553672098,
        0.9630852168900005,
        0.9590471143941488,
        0.9599885082755896,
        0.9680155360793905,
        0.9629800780821419
    ]
}